id;name;surname;middle_name;jhi_group;type
1;bluetooth invoice;deliver Plastic;Mall Idaho wireless;pixel Tasty;Digitized
2;Branding;lime Moldova Borders;protocol;transform;Ameliorated Usability deliver
3;French Guiana;Avon Tasty Plastic Pants;Mouse groupware SSL;Gorgeous Soft Gloves;Licensed Granite Car unleash Lesotho
4;Practical Plastic Computer empower Djibouti Franc;generating;e-markets;withdrawal morph;AI Personal Loan Account
5;Yemeni Rial attitude;Solomon Islands Dollar Officer system;supply-chains Handmade Fresh Bike;connecting turquoise;payment models
6;Designer programming XML;RSS Industrial Soft;optimize;scale Credit Card Account Fundamental;input
7;Meadow Guinea-Bissau Square;Divide;port Ergonomic invoice;Computers;Awesome Plastic Hat synergistic
8;Indiana;Gorgeous implement Ridges;innovative circuit Credit Card Account;Web USB;XSS Licensed customer loyalty
9;Savings Account quantify XSS;program payment;transition analyzer Gorgeous;virtual programming;Cliff brand programming
10;synergies solid state;Borders firmware Lempira;Maine;Shirt EXE neural-net;Divide Liberian Dollar AI
