id;name;surname;middle_name;type
1;Cross-group;Pizza Marketing synthesizing;invoice Rustic Reverse-engineered;Gorgeous Associate
2;Australian Dollar;Investment Account;ivory visualize;overriding New Leu
3;Armenian Dram Toys Administrator;Movies Functionality;feed Montana;e-tailers extend
4;Credit Card Account deposit feed;Bedfordshire Generic Cotton Fish Web;parse navigating Cambridgeshire;installation
5;capacitor Senior program;copying generate withdrawal;platforms;primary Investment Account azure
6;Small Steel Salad Creative;back up secured line Customizable;Cambridgeshire;Producer Liaison Turkey
7;Markets generate;deposit Drives open-source;Roads;magenta cohesive
8;deposit Synergistic Missouri;wireless;Ergonomic Credit Card Account;Alley
9;New Israeli Sheqel intranet;invoice;ROI Markets Awesome Cotton Gloves;withdrawal invoice
10;withdrawal Handcrafted Wooden Table Cambridgeshire;wireless Palladium Bike;SMTP;Investment Account mint green
